pmid,url,status_code,bytes_saved,note
32024055,https://pubmed.ncbi.nlm.nih.gov/32024055/?format=pubmed,200,4833,
20878177,https://pubmed.ncbi.nlm.nih.gov/20878177/?format=pubmed,200,3463,
31509360,https://pubmed.ncbi.nlm.nih.gov/31509360/?format=pubmed,200,6268,
40961426,https://pubmed.ncbi.nlm.nih.gov/40961426/?format=pubmed,200,11885,
40976783,https://pubmed.ncbi.nlm.nih.gov/40976783/?format=pubmed,200,6612,
30192922,https://pubmed.ncbi.nlm.nih.gov/30192922/?format=pubmed,200,1702,
36102351,https://pubmed.ncbi.nlm.nih.gov/36102351/?format=pubmed,200,3766,
31916282,https://pubmed.ncbi.nlm.nih.gov/31916282/?format=pubmed,200,5245,
40961420,https://pubmed.ncbi.nlm.nih.gov/40961420/?format=pubmed,200,2189,
40975101,https://pubmed.ncbi.nlm.nih.gov/40975101/?format=pubmed,200,39196,
40972625,https://pubmed.ncbi.nlm.nih.gov/40972625/?format=pubmed,200,55468,
22043949,https://pubmed.ncbi.nlm.nih.gov/22043949/?format=pubmed,200,1262,
16902916,https://pubmed.ncbi.nlm.nih.gov/16902916/?format=pubmed,200,1151,
40972580,https://pubmed.ncbi.nlm.nih.gov/40972580/?format=pubmed,200,25551,
40973797,https://pubmed.ncbi.nlm.nih.gov/40973797/?format=pubmed,200,11499,
30192910,https://pubmed.ncbi.nlm.nih.gov/30192910/?format=pubmed,200,2055,
40975747,https://pubmed.ncbi.nlm.nih.gov/40975747/?format=pubmed,200,8689,
31567062,https://pubmed.ncbi.nlm.nih.gov/31567062/?format=pubmed,200,2548,
40973818,https://pubmed.ncbi.nlm.nih.gov/40973818/?format=pubmed,200,12436,
26400006,https://pubmed.ncbi.nlm.nih.gov/26400006/?format=pubmed,200,3813,
40973793,https://pubmed.ncbi.nlm.nih.gov/40973793/?format=pubmed,200,7649,
38672454,https://pubmed.ncbi.nlm.nih.gov/38672454/?format=pubmed,200,4423,
31254460,https://pubmed.ncbi.nlm.nih.gov/31254460/?format=pubmed,200,5030,
39637384,https://pubmed.ncbi.nlm.nih.gov/39637384/?format=pubmed,200,6395,
40975102,https://pubmed.ncbi.nlm.nih.gov/40975102/?format=pubmed,200,24442,
35989852,https://pubmed.ncbi.nlm.nih.gov/35989852/?format=pubmed,200,4511,
21430345,https://pubmed.ncbi.nlm.nih.gov/21430345/?format=pubmed,200,2908,
40975614,https://pubmed.ncbi.nlm.nih.gov/40975614/?format=pubmed,200,4979,
34046850,https://pubmed.ncbi.nlm.nih.gov/34046850/?format=pubmed,200,10879,
40975905,https://pubmed.ncbi.nlm.nih.gov/40975905/?format=pubmed,200,5007,
40975067,https://pubmed.ncbi.nlm.nih.gov/40975067/?format=pubmed,200,6143,
26930528,https://pubmed.ncbi.nlm.nih.gov/26930528/?format=pubmed,200,3387,
29042912,https://pubmed.ncbi.nlm.nih.gov/29042912/?format=pubmed,200,1519,
40975065,https://pubmed.ncbi.nlm.nih.gov/40975065/?format=pubmed,200,6594,
38958987,https://pubmed.ncbi.nlm.nih.gov/38958987/?format=pubmed,200,1439,
30325529,https://pubmed.ncbi.nlm.nih.gov/30325529/?format=pubmed,200,4862,
40983621,https://pubmed.ncbi.nlm.nih.gov/40983621/?format=pubmed,200,16627,
27046315,https://pubmed.ncbi.nlm.nih.gov/27046315/?format=pubmed,200,3053,
40983700,https://pubmed.ncbi.nlm.nih.gov/40983700/?format=pubmed,200,6884,
40975525,https://pubmed.ncbi.nlm.nih.gov/40975525/?format=pubmed,200,5747,
40975098,https://pubmed.ncbi.nlm.nih.gov/40975098/?format=pubmed,200,14992,
19869484,https://pubmed.ncbi.nlm.nih.gov/19869484/?format=pubmed,200,2343,
40975112,https://pubmed.ncbi.nlm.nih.gov/40975112/?format=pubmed,200,6119,
33766112,https://pubmed.ncbi.nlm.nih.gov/33766112/?format=pubmed,200,5426,
40973927,https://pubmed.ncbi.nlm.nih.gov/40973927/?format=pubmed,200,6704,
29035486,https://pubmed.ncbi.nlm.nih.gov/29035486/?format=pubmed,200,1586,
40983502,https://pubmed.ncbi.nlm.nih.gov/40983502/?format=pubmed,200,9736,
38592388,https://pubmed.ncbi.nlm.nih.gov/38592388/?format=pubmed,200,7513,
40960239,https://pubmed.ncbi.nlm.nih.gov/40960239/?format=pubmed,200,5012,
40967215,https://pubmed.ncbi.nlm.nih.gov/40967215/?format=pubmed,200,10092,
40973826,https://pubmed.ncbi.nlm.nih.gov/40973826/?format=pubmed,200,6670,
24996457,https://pubmed.ncbi.nlm.nih.gov/24996457/?format=pubmed,200,4125,
40962978,https://pubmed.ncbi.nlm.nih.gov/40962978/?format=pubmed,200,17563,
24396983,https://pubmed.ncbi.nlm.nih.gov/24396983/?format=pubmed,200,2463,
40972572,https://pubmed.ncbi.nlm.nih.gov/40972572/?format=pubmed,200,6921,
40975268,https://pubmed.ncbi.nlm.nih.gov/40975268/?format=pubmed,200,4963,
40963019,https://pubmed.ncbi.nlm.nih.gov/40963019/?format=pubmed,200,5928,
40983342,https://pubmed.ncbi.nlm.nih.gov/40983342/?format=pubmed,200,6258,
40977487,https://pubmed.ncbi.nlm.nih.gov/40977487/?format=pubmed,200,6271,
37809560,https://pubmed.ncbi.nlm.nih.gov/37809560/?format=pubmed,200,4792,
32682440,https://pubmed.ncbi.nlm.nih.gov/32682440/?format=pubmed,200,3067,
40972623,https://pubmed.ncbi.nlm.nih.gov/40972623/?format=pubmed,200,40836,
40973819,https://pubmed.ncbi.nlm.nih.gov/40973819/?format=pubmed,200,5961,
40981471,https://pubmed.ncbi.nlm.nih.gov/40981471/?format=pubmed,200,5393,
40973951,https://pubmed.ncbi.nlm.nih.gov/40973951/?format=pubmed,200,5567,
40973633,https://pubmed.ncbi.nlm.nih.gov/40973633/?format=pubmed,200,11445,
8266961,https://pubmed.ncbi.nlm.nih.gov/8266961/?format=pubmed,200,2381,
40972880,https://pubmed.ncbi.nlm.nih.gov/40972880/?format=pubmed,200,4600,
37246699,https://pubmed.ncbi.nlm.nih.gov/37246699/?format=pubmed,200,1280,
40973516,https://pubmed.ncbi.nlm.nih.gov/40973516/?format=pubmed,200,9355,
40973181,https://pubmed.ncbi.nlm.nih.gov/40973181/?format=pubmed,200,6065,
40971731,https://pubmed.ncbi.nlm.nih.gov/40971731/?format=pubmed,200,7241,
40245419,https://pubmed.ncbi.nlm.nih.gov/40245419/?format=pubmed,200,1022,
40975693,https://pubmed.ncbi.nlm.nih.gov/40975693/?format=pubmed,200,4765,
40976125,https://pubmed.ncbi.nlm.nih.gov/40976125/?format=pubmed,200,8338,
39102714,https://pubmed.ncbi.nlm.nih.gov/39102714/?format=pubmed,200,1877,
32379251,https://pubmed.ncbi.nlm.nih.gov/32379251/?format=pubmed,200,2906,
25075430,https://pubmed.ncbi.nlm.nih.gov/25075430/?format=pubmed,200,3102,
40982573,https://pubmed.ncbi.nlm.nih.gov/40982573/?format=pubmed,200,7792,
29688261,https://pubmed.ncbi.nlm.nih.gov/29688261/?format=pubmed,200,4686,
1823120,https://pubmed.ncbi.nlm.nih.gov/1823120/?format=pubmed,200,2127,
40971428,https://pubmed.ncbi.nlm.nih.gov/40971428/?format=pubmed,200,5237,
40970761,https://pubmed.ncbi.nlm.nih.gov/40970761/?format=pubmed,200,3861,
40976249,https://pubmed.ncbi.nlm.nih.gov/40976249/?format=pubmed,200,15570,
40973768,https://pubmed.ncbi.nlm.nih.gov/40973768/?format=pubmed,200,10462,
40975103,https://pubmed.ncbi.nlm.nih.gov/40975103/?format=pubmed,200,10888,
31664451,https://pubmed.ncbi.nlm.nih.gov/31664451/?format=pubmed,200,7147,
40976254,https://pubmed.ncbi.nlm.nih.gov/40976254/?format=pubmed,200,6261,
40974256,https://pubmed.ncbi.nlm.nih.gov/40974256/?format=pubmed,200,8616,
40976658,https://pubmed.ncbi.nlm.nih.gov/40976658/?format=pubmed,200,5091,
40977283,https://pubmed.ncbi.nlm.nih.gov/40977283/?format=pubmed,200,7858,
40971231,https://pubmed.ncbi.nlm.nih.gov/40971231/?format=pubmed,200,4551,
40975578,https://pubmed.ncbi.nlm.nih.gov/40975578/?format=pubmed,200,5665,
40985291,https://pubmed.ncbi.nlm.nih.gov/40985291/?format=pubmed,200,2793,
40983647,https://pubmed.ncbi.nlm.nih.gov/40983647/?format=pubmed,200,18517,
34293314,https://pubmed.ncbi.nlm.nih.gov/34293314/?format=pubmed,200,7891,
40971730,https://pubmed.ncbi.nlm.nih.gov/40971730/?format=pubmed,200,7396,
40971494,https://pubmed.ncbi.nlm.nih.gov/40971494/?format=pubmed,200,6560,
38081897,https://pubmed.ncbi.nlm.nih.gov/38081897/?format=pubmed,200,5303,
40964767,https://pubmed.ncbi.nlm.nih.gov/40964767/?format=pubmed,200,2268,
29084830,https://pubmed.ncbi.nlm.nih.gov/29084830/?format=pubmed,200,6038,
40976126,https://pubmed.ncbi.nlm.nih.gov/40976126/?format=pubmed,200,6210,
39274486,https://pubmed.ncbi.nlm.nih.gov/39274486/?format=pubmed,200,4090,
40983631,https://pubmed.ncbi.nlm.nih.gov/40983631/?format=pubmed,200,6483,
30992361,https://pubmed.ncbi.nlm.nih.gov/30992361/?format=pubmed,200,5743,
40968736,https://pubmed.ncbi.nlm.nih.gov/40968736/?format=pubmed,200,4828,
27353198,https://pubmed.ncbi.nlm.nih.gov/27353198/?format=pubmed,200,6656,
40972715,https://pubmed.ncbi.nlm.nih.gov/40972715/?format=pubmed,200,5428,
40988017,https://pubmed.ncbi.nlm.nih.gov/40988017/?format=pubmed,200,5740,
40983010,https://pubmed.ncbi.nlm.nih.gov/40983010/?format=pubmed,200,10723,
40982270,https://pubmed.ncbi.nlm.nih.gov/40982270/?format=pubmed,200,24193,
40974282,https://pubmed.ncbi.nlm.nih.gov/40974282/?format=pubmed,200,4310,
38958940,https://pubmed.ncbi.nlm.nih.gov/38958940/?format=pubmed,200,1738,
40976786,https://pubmed.ncbi.nlm.nih.gov/40976786/?format=pubmed,200,7032,
40983649,https://pubmed.ncbi.nlm.nih.gov/40983649/?format=pubmed,200,7413,
40972843,https://pubmed.ncbi.nlm.nih.gov/40972843/?format=pubmed,200,9131,
40983729,https://pubmed.ncbi.nlm.nih.gov/40983729/?format=pubmed,200,4238,
40975746,https://pubmed.ncbi.nlm.nih.gov/40975746/?format=pubmed,200,7885,
40974336,https://pubmed.ncbi.nlm.nih.gov/40974336/?format=pubmed,200,5253,
40982692,https://pubmed.ncbi.nlm.nih.gov/40982692/?format=pubmed,200,8763,
40976248,https://pubmed.ncbi.nlm.nih.gov/40976248/?format=pubmed,200,17807,
40970538,https://pubmed.ncbi.nlm.nih.gov/40970538/?format=pubmed,200,5977,
40976779,https://pubmed.ncbi.nlm.nih.gov/40976779/?format=pubmed,200,5427,
40983680,https://pubmed.ncbi.nlm.nih.gov/40983680/?format=pubmed,200,10889,
32086821,https://pubmed.ncbi.nlm.nih.gov/32086821/?format=pubmed,200,1994,
40961939,https://pubmed.ncbi.nlm.nih.gov/40961939/?format=pubmed,200,6687,
36237650,https://pubmed.ncbi.nlm.nih.gov/36237650/?format=pubmed,200,4887,
40983715,https://pubmed.ncbi.nlm.nih.gov/40983715/?format=pubmed,200,5426,
40975038,https://pubmed.ncbi.nlm.nih.gov/40975038/?format=pubmed,200,5942,
40973832,https://pubmed.ncbi.nlm.nih.gov/40973832/?format=pubmed,200,27230,
40971821,https://pubmed.ncbi.nlm.nih.gov/40971821/?format=pubmed,200,5100,
40972571,https://pubmed.ncbi.nlm.nih.gov/40972571/?format=pubmed,200,4652,
40975140,https://pubmed.ncbi.nlm.nih.gov/40975140/?format=pubmed,200,4412,
40975099,https://pubmed.ncbi.nlm.nih.gov/40975099/?format=pubmed,200,14388,
40976838,https://pubmed.ncbi.nlm.nih.gov/40976838/?format=pubmed,200,8181,
40975125,https://pubmed.ncbi.nlm.nih.gov/40975125/?format=pubmed,200,4198,
17383428,https://pubmed.ncbi.nlm.nih.gov/17383428/?format=pubmed,200,5419,
40976403,https://pubmed.ncbi.nlm.nih.gov/40976403/?format=pubmed,200,6529,
40987840,https://pubmed.ncbi.nlm.nih.gov/40987840/?format=pubmed,200,5141,
40975113,https://pubmed.ncbi.nlm.nih.gov/40975113/?format=pubmed,200,16252,
40977229,https://pubmed.ncbi.nlm.nih.gov/40977229/?format=pubmed,200,11587,
40961449,https://pubmed.ncbi.nlm.nih.gov/40961449/?format=pubmed,200,7067,
40965868,https://pubmed.ncbi.nlm.nih.gov/40965868/?format=pubmed,200,6892,
40975837,https://pubmed.ncbi.nlm.nih.gov/40975837/?format=pubmed,200,6434,
10886580,https://pubmed.ncbi.nlm.nih.gov/10886580/?format=pubmed,200,5030,
40983612,https://pubmed.ncbi.nlm.nih.gov/40983612/?format=pubmed,200,7047,
40975063,https://pubmed.ncbi.nlm.nih.gov/40975063/?format=pubmed,200,5729,
24549856,https://pubmed.ncbi.nlm.nih.gov/24549856/?format=pubmed,200,3177,
40974265,https://pubmed.ncbi.nlm.nih.gov/40974265/?format=pubmed,200,5782,
40968272,https://pubmed.ncbi.nlm.nih.gov/40968272/?format=pubmed,200,7805,
40975041,https://pubmed.ncbi.nlm.nih.gov/40975041/?format=pubmed,200,5602,
40926127,https://pubmed.ncbi.nlm.nih.gov/40926127/?format=pubmed,200,92266,
40982772,https://pubmed.ncbi.nlm.nih.gov/40982772/?format=pubmed,200,5382,
40975059,https://pubmed.ncbi.nlm.nih.gov/40975059/?format=pubmed,200,3887,
40967224,https://pubmed.ncbi.nlm.nih.gov/40967224/?format=pubmed,200,12949,
40976895,https://pubmed.ncbi.nlm.nih.gov/40976895/?format=pubmed,200,6855,
40975564,https://pubmed.ncbi.nlm.nih.gov/40975564/?format=pubmed,200,1399,
40960253,https://pubmed.ncbi.nlm.nih.gov/40960253/?format=pubmed,200,6287,
40898607,https://pubmed.ncbi.nlm.nih.gov/40898607/?format=pubmed,200,4371,
34537069,https://pubmed.ncbi.nlm.nih.gov/34537069/?format=pubmed,200,5410,
40983036,https://pubmed.ncbi.nlm.nih.gov/40983036/?format=pubmed,200,6245,
40963015,https://pubmed.ncbi.nlm.nih.gov/40963015/?format=pubmed,200,7454,
40974167,https://pubmed.ncbi.nlm.nih.gov/40974167/?format=pubmed,200,3932,
40974350,https://pubmed.ncbi.nlm.nih.gov/40974350/?format=pubmed,200,5306,
40972791,https://pubmed.ncbi.nlm.nih.gov/40972791/?format=pubmed,200,13625,
40983632,https://pubmed.ncbi.nlm.nih.gov/40983632/?format=pubmed,200,6681,
40976462,https://pubmed.ncbi.nlm.nih.gov/40976462/?format=pubmed,200,4002,
33749704,https://pubmed.ncbi.nlm.nih.gov/33749704/?format=pubmed,200,6751,
40973752,https://pubmed.ncbi.nlm.nih.gov/40973752/?format=pubmed,200,796,
31929017,https://pubmed.ncbi.nlm.nih.gov/31929017/?format=pubmed,200,1132,
40975738,https://pubmed.ncbi.nlm.nih.gov/40975738/?format=pubmed,200,4215,
40967218,https://pubmed.ncbi.nlm.nih.gov/40967218/?format=pubmed,200,6772,
40973067,https://pubmed.ncbi.nlm.nih.gov/40973067/?format=pubmed,200,7873,
26513853,https://pubmed.ncbi.nlm.nih.gov/26513853/?format=pubmed,200,2711,
34964403,https://pubmed.ncbi.nlm.nih.gov/34964403/?format=pubmed,200,4801,
40980310,https://pubmed.ncbi.nlm.nih.gov/40980310/?format=pubmed,200,3987,
40983050,https://pubmed.ncbi.nlm.nih.gov/40983050/?format=pubmed,200,6702,
40975928,https://pubmed.ncbi.nlm.nih.gov/40975928/?format=pubmed,200,6506,
40976828,https://pubmed.ncbi.nlm.nih.gov/40976828/?format=pubmed,200,5252,
33481165,https://pubmed.ncbi.nlm.nih.gov/33481165/?format=pubmed,200,4491,
40972525,https://pubmed.ncbi.nlm.nih.gov/40972525/?format=pubmed,200,4207,
40974815,https://pubmed.ncbi.nlm.nih.gov/40974815/?format=pubmed,200,4468,
39534665,https://pubmed.ncbi.nlm.nih.gov/39534665/?format=pubmed,200,830,
40975907,https://pubmed.ncbi.nlm.nih.gov/40975907/?format=pubmed,200,5208,
40970784,https://pubmed.ncbi.nlm.nih.gov/40970784/?format=pubmed,200,4736,
40975040,https://pubmed.ncbi.nlm.nih.gov/40975040/?format=pubmed,200,6068,
40966781,https://pubmed.ncbi.nlm.nih.gov/40966781/?format=pubmed,200,6701,
27337284,https://pubmed.ncbi.nlm.nih.gov/27337284/?format=pubmed,200,2097,
40967223,https://pubmed.ncbi.nlm.nih.gov/40967223/?format=pubmed,200,7418,
40977978,https://pubmed.ncbi.nlm.nih.gov/40977978/?format=pubmed,200,6094,
40974973,https://pubmed.ncbi.nlm.nih.gov/40974973/?format=pubmed,200,4712,
40974527,https://pubmed.ncbi.nlm.nih.gov/40974527/?format=pubmed,200,4678,
40972530,https://pubmed.ncbi.nlm.nih.gov/40972530/?format=pubmed,200,2794,
40983975,https://pubmed.ncbi.nlm.nih.gov/40983975/?format=pubmed,200,4001,
40975111,https://pubmed.ncbi.nlm.nih.gov/40975111/?format=pubmed,200,15249,
40972528,https://pubmed.ncbi.nlm.nih.gov/40972528/?format=pubmed,200,8985,
40976317,https://pubmed.ncbi.nlm.nih.gov/40976317/?format=pubmed,200,5738,
28794054,https://pubmed.ncbi.nlm.nih.gov/28794054/?format=pubmed,200,17545,
40975105,https://pubmed.ncbi.nlm.nih.gov/40975105/?format=pubmed,200,17254,
40973093,https://pubmed.ncbi.nlm.nih.gov/40973093/?format=pubmed,200,5346,
40983776,https://pubmed.ncbi.nlm.nih.gov/40983776/?format=pubmed,200,6533,
29084823,https://pubmed.ncbi.nlm.nih.gov/29084823/?format=pubmed,200,3685,
25220419,https://pubmed.ncbi.nlm.nih.gov/25220419/?format=pubmed,200,3827,
40963013,https://pubmed.ncbi.nlm.nih.gov/40963013/?format=pubmed,200,10810,
40973727,https://pubmed.ncbi.nlm.nih.gov/40973727/?format=pubmed,200,5840,
40972796,https://pubmed.ncbi.nlm.nih.gov/40972796/?format=pubmed,200,10388,
40974574,https://pubmed.ncbi.nlm.nih.gov/40974574/?format=pubmed,200,6229,
40976556,https://pubmed.ncbi.nlm.nih.gov/40976556/?format=pubmed,200,5730,
40975066,https://pubmed.ncbi.nlm.nih.gov/40975066/?format=pubmed,200,6804,
40975867,https://pubmed.ncbi.nlm.nih.gov/40975867/?format=pubmed,200,6165,
40974405,https://pubmed.ncbi.nlm.nih.gov/40974405/?format=pubmed,200,5672,
40973702,https://pubmed.ncbi.nlm.nih.gov/40973702/?format=pubmed,200,6597,
28126365,https://pubmed.ncbi.nlm.nih.gov/28126365/?format=pubmed,200,1739,
40974667,https://pubmed.ncbi.nlm.nih.gov/40974667/?format=pubmed,200,6716,
40982672,https://pubmed.ncbi.nlm.nih.gov/40982672/?format=pubmed,200,5272,
40975688,https://pubmed.ncbi.nlm.nih.gov/40975688/?format=pubmed,200,4916,
27401730,https://pubmed.ncbi.nlm.nih.gov/27401730/?format=pubmed,200,1226,
40971451,https://pubmed.ncbi.nlm.nih.gov/40971451/?format=pubmed,200,4026,
40966278,https://pubmed.ncbi.nlm.nih.gov/40966278/?format=pubmed,200,7144,
40970279,https://pubmed.ncbi.nlm.nih.gov/40970279/?format=pubmed,200,4732,
40971116,https://pubmed.ncbi.nlm.nih.gov/40971116/?format=pubmed,200,6084,
40983701,https://pubmed.ncbi.nlm.nih.gov/40983701/?format=pubmed,200,7196,
40975174,https://pubmed.ncbi.nlm.nih.gov/40975174/?format=pubmed,200,3309,
29341895,https://pubmed.ncbi.nlm.nih.gov/29341895/?format=pubmed,200,5096,
40975639,https://pubmed.ncbi.nlm.nih.gov/40975639/?format=pubmed,200,7194,
40977256,https://pubmed.ncbi.nlm.nih.gov/40977256/?format=pubmed,200,5768,
40971894,https://pubmed.ncbi.nlm.nih.gov/40971894/?format=pubmed,200,6528,
40974012,https://pubmed.ncbi.nlm.nih.gov/40974012/?format=pubmed,200,5589,
40983901,https://pubmed.ncbi.nlm.nih.gov/40983901/?format=pubmed,200,5002,
32107788,https://pubmed.ncbi.nlm.nih.gov/32107788/?format=pubmed,200,1565,
40968144,https://pubmed.ncbi.nlm.nih.gov/40968144/?format=pubmed,200,11286,
40961933,https://pubmed.ncbi.nlm.nih.gov/40961933/?format=pubmed,200,6117,
40961446,https://pubmed.ncbi.nlm.nih.gov/40961446/?format=pubmed,200,5446,
40974153,https://pubmed.ncbi.nlm.nih.gov/40974153/?format=pubmed,200,7317,
40981426,https://pubmed.ncbi.nlm.nih.gov/40981426/?format=pubmed,200,7157,
40986541,https://pubmed.ncbi.nlm.nih.gov/40986541/?format=pubmed,200,7577,
40976663,https://pubmed.ncbi.nlm.nih.gov/40976663/?format=pubmed,200,7623,
40968134,https://pubmed.ncbi.nlm.nih.gov/40968134/?format=pubmed,200,7384,
40983035,https://pubmed.ncbi.nlm.nih.gov/40983035/?format=pubmed,200,6436,
40973942,https://pubmed.ncbi.nlm.nih.gov/40973942/?format=pubmed,200,5403,
40975158,https://pubmed.ncbi.nlm.nih.gov/40975158/?format=pubmed,200,6600,
40976635,https://pubmed.ncbi.nlm.nih.gov/40976635/?format=pubmed,200,5360,
38245630,https://pubmed.ncbi.nlm.nih.gov/38245630/?format=pubmed,200,1801,
40975042,https://pubmed.ncbi.nlm.nih.gov/40975042/?format=pubmed,200,4557,
40975324,https://pubmed.ncbi.nlm.nih.gov/40975324/?format=pubmed,200,5106,
40982684,https://pubmed.ncbi.nlm.nih.gov/40982684/?format=pubmed,200,9028,
40976463,https://pubmed.ncbi.nlm.nih.gov/40976463/?format=pubmed,200,3924,
30825403,https://pubmed.ncbi.nlm.nih.gov/30825403/?format=pubmed,200,3903,
18759925,https://pubmed.ncbi.nlm.nih.gov/18759925/?format=pubmed,200,4660,
40975498,https://pubmed.ncbi.nlm.nih.gov/40975498/?format=pubmed,200,5039,
31693212,https://pubmed.ncbi.nlm.nih.gov/31693212/?format=pubmed,200,5210,
40977437,https://pubmed.ncbi.nlm.nih.gov/40977437/?format=pubmed,200,6274,
40975037,https://pubmed.ncbi.nlm.nih.gov/40975037/?format=pubmed,200,7404,
40983070,https://pubmed.ncbi.nlm.nih.gov/40983070/?format=pubmed,200,5112,
40981770,https://pubmed.ncbi.nlm.nih.gov/40981770/?format=pubmed,200,4642,
8792501,https://pubmed.ncbi.nlm.nih.gov/8792501/?format=pubmed,200,2723,
27733981,https://pubmed.ncbi.nlm.nih.gov/27733981/?format=pubmed,200,4030,
40973102,https://pubmed.ncbi.nlm.nih.gov/40973102/?format=pubmed,200,4817,
40973383,https://pubmed.ncbi.nlm.nih.gov/40973383/?format=pubmed,200,5094,
40972193,https://pubmed.ncbi.nlm.nih.gov/40972193/?format=pubmed,200,6247,
40975036,https://pubmed.ncbi.nlm.nih.gov/40975036/?format=pubmed,200,5917,
40973484,https://pubmed.ncbi.nlm.nih.gov/40973484/?format=pubmed,200,6786,
40975712,https://pubmed.ncbi.nlm.nih.gov/40975712/?format=pubmed,200,4326,
40983687,https://pubmed.ncbi.nlm.nih.gov/40983687/?format=pubmed,200,5215,
40983659,https://pubmed.ncbi.nlm.nih.gov/40983659/?format=pubmed,200,3789,
40975127,https://pubmed.ncbi.nlm.nih.gov/40975127/?format=pubmed,200,9757,
40969601,https://pubmed.ncbi.nlm.nih.gov/40969601/?format=pubmed,200,5611,
40975475,https://pubmed.ncbi.nlm.nih.gov/40975475/?format=pubmed,200,6163,
31596661,https://pubmed.ncbi.nlm.nih.gov/31596661/?format=pubmed,200,5677,
40973472,https://pubmed.ncbi.nlm.nih.gov/40973472/?format=pubmed,200,9171,
40968162,https://pubmed.ncbi.nlm.nih.gov/40968162/?format=pubmed,200,4799,
40980721,https://pubmed.ncbi.nlm.nih.gov/40980721/?format=pubmed,200,5695,
40983344,https://pubmed.ncbi.nlm.nih.gov/40983344/?format=pubmed,200,7024,
40975679,https://pubmed.ncbi.nlm.nih.gov/40975679/?format=pubmed,200,4657,
40968578,https://pubmed.ncbi.nlm.nih.gov/40968578/?format=pubmed,200,6169,
40979897,https://pubmed.ncbi.nlm.nih.gov/40979897/?format=pubmed,200,5468,
40975763,https://pubmed.ncbi.nlm.nih.gov/40975763/?format=pubmed,200,5737,
16107634,https://pubmed.ncbi.nlm.nih.gov/16107634/?format=pubmed,200,1624,
40976711,https://pubmed.ncbi.nlm.nih.gov/40976711/?format=pubmed,200,5032,
19302947,https://pubmed.ncbi.nlm.nih.gov/19302947/?format=pubmed,200,2405,
40970386,https://pubmed.ncbi.nlm.nih.gov/40970386/?format=pubmed,200,6967,
40968746,https://pubmed.ncbi.nlm.nih.gov/40968746/?format=pubmed,200,7621,
40971475,https://pubmed.ncbi.nlm.nih.gov/40971475/?format=pubmed,200,6137,
40970383,https://pubmed.ncbi.nlm.nih.gov/40970383/?format=pubmed,200,12037,
40975161,https://pubmed.ncbi.nlm.nih.gov/40975161/?format=pubmed,200,4897,
40977745,https://pubmed.ncbi.nlm.nih.gov/40977745/?format=pubmed,200,4401,
40982551,https://pubmed.ncbi.nlm.nih.gov/40982551/?format=pubmed,200,11988,
40973790,https://pubmed.ncbi.nlm.nih.gov/40973790/?format=pubmed,200,6874,
26688372,https://pubmed.ncbi.nlm.nih.gov/26688372/?format=pubmed,200,4613,
40980971,https://pubmed.ncbi.nlm.nih.gov/40980971/?format=pubmed,200,8645,
35277661,https://pubmed.ncbi.nlm.nih.gov/35277661/?format=pubmed,200,3411,
16876584,https://pubmed.ncbi.nlm.nih.gov/16876584/?format=pubmed,200,3681,
40982264,https://pubmed.ncbi.nlm.nih.gov/40982264/?format=pubmed,200,5293,
40983949,https://pubmed.ncbi.nlm.nih.gov/40983949/?format=pubmed,200,5174,
20030462,https://pubmed.ncbi.nlm.nih.gov/20030462/?format=pubmed,200,2189,
40976252,https://pubmed.ncbi.nlm.nih.gov/40976252/?format=pubmed,200,6497,
40974335,https://pubmed.ncbi.nlm.nih.gov/40974335/?format=pubmed,200,8703,
32196712,https://pubmed.ncbi.nlm.nih.gov/32196712/?format=pubmed,200,5852,
40961427,https://pubmed.ncbi.nlm.nih.gov/40961427/?format=pubmed,200,1182,
40974872,https://pubmed.ncbi.nlm.nih.gov/40974872/?format=pubmed,200,11919,
